"","query.number","significant","p.value","term.size","query.size","overlap.size","recall","precision","term.id","domain","subgraph.number","term.name","relative.depth","intersection"
"1",1,NA,1,7796,14,14,1,0.002,"KEGG:00000","keg",1,"KEGG pathways",1,"MM.330223,MM.181430,MM.4915,MM.142872,MM.29405,MM.157091,MM.480594,MM.4113,MM.268903,MM.5083,MM.192111,MM.25059,MM.328831,MM.412584"
"2",1,NA,1,78,14,1,0.071,0.013,"KEGG:05132","keg",1,"Salmonella infection",2,"MM.181430"
"3",1,NA,1,167,14,1,0.071,0.006,"KEGG:04145","keg",1,"Phagosome",2,"MM.181430"
"4",1,NA,0.877,117,14,2,0.143,0.017,"KEGG:04114","keg",1,"Oocyte meiosis",2,"MM.29405,MM.157091"
"5",1,NA,1,58,14,1,0.071,0.017,"KEGG:04913","keg",1,"Ovarian steroidogenesis",2,"MM.157091"
"6",1,NA,1,134,14,1,0.071,0.007,"KEGG:03040","keg",1,"Spliceosome",2,"MM.142872"
"7",1,NA,1,55,14,1,0.071,0.018,"KEGG:04961","keg",1,"Endocrine and other factor-regulated calcium reabsorption",2,"MM.157091"
"8",1,NA,1,103,14,1,0.071,0.01,"KEGG:04916","keg",1,"Melanogenesis",2,"MM.157091"
"9",1,NA,1,105,14,1,0.071,0.01,"KEGG:04066","keg",1,"HIF-1 signaling pathway",2,"MM.29405"
"10",1,NA,1,139,14,1,0.071,0.007,"KEGG:04550","keg",1,"Signaling pathways regulating pluripotency of stem cells",2,"MM.25059"
"11",1,NA,1,89,14,1,0.071,0.011,"KEGG:04914","keg",1,"Progesterone-mediated oocyte maturation",2,"MM.157091"
"12",1,NA,1,30,14,1,0.071,0.033,"KEGG:04710","keg",1,"Circadian rhythm",2,"MM.29405"
"13",1,NA,1,143,14,1,0.071,0.007,"KEGG:05206","keg",1,"MicroRNAs in cancer",2,"MM.142872"
"14",1,NA,0.126,43,14,2,0.143,0.047,"KEGG:04962","keg",1,"Vasopressin-regulated water reabsorption",2,"MM.181430,MM.157091"
"15",1,NA,1,82,14,1,0.071,0.012,"KEGG:04260","keg",1,"Cardiac muscle contraction",2,"MM.330223"
"16",1,NA,1,75,14,1,0.071,0.013,"KEGG:04971","keg",1,"Gastric acid secretion",2,"MM.157091"
"17",1,NA,1,285,14,1,0.071,0.004,"KEGG:04080","keg",1,"Neuroactive ligand-receptor interaction",2,"MM.4915"
"18",1,NA,1,40,14,1,0.071,0.025,"KEGG:05033","keg",1,"Nicotine addiction",2,"MM.4915"
"19",1,NA,1,97,14,1,0.071,0.01,"KEGG:04915","keg",1,"Estrogen signaling pathway",2,"MM.157091"
"20",1,NA,1,394,14,2,0.143,0.005,"KEGG:05200","keg",1,"Pathways in cancer",2,"MM.29405,MM.157091"
"21",1,NA,1,126,14,1,0.071,0.008,"KEGG:04152","keg",1,"AMPK signaling pathway",2,"MM.480594"
"22",1,NA,0.498,87,14,2,0.143,0.023,"KEGG:04742","keg",1,"Taste transduction",2,"MM.4915,MM.157091"
"23",1,NA,1,221,14,1,0.071,0.005,"KEGG:05203","keg",1,"Viral carcinogenesis",2,"MM.142872"
"24",1,NA,1,127,14,1,0.071,0.008,"KEGG:04750","keg",1,"Inflammatory mediator regulation of TRP channels",2,"MM.157091"
"25",1,NA,1,58,14,1,0.071,0.017,"KEGG:00310","keg",1,"Lysine degradation",2,"MM.192111"
"26",1,NA,1,65,14,1,0.071,0.015,"KEGG:05211","keg",1,"Renal cell carcinoma",2,"MM.29405"
"27",1,NA,1,78,14,1,0.071,0.013,"KEGG:05416","keg",1,"Viral myocarditis",2,"MM.268903"
"28",1,NA,1,199,14,1,0.071,0.005,"KEGG:04024","keg",1,"cAMP signaling pathway",2,"MM.157091"
"29",1,NA,0.543,91,14,2,0.143,0.022,"KEGG:05414","keg",1,"Dilated cardiomyopathy",2,"MM.330223,MM.157091"
"30",1,NA,1,75,14,1,0.071,0.013,"KEGG:05412","keg",1,"Arrhythmogenic right ventricular cardiomyopathy (ARVC)",2,"MM.330223"
"31",1,NA,1,129,14,1,0.071,0.008,"KEGG:04270","keg",1,"Vascular smooth muscle contraction",2,"MM.157091"
"32",1,NA,1,148,14,2,0.143,0.014,"KEGG:04261","keg",1,"Adrenergic signaling in cardiomyocytes",2,"MM.330223,MM.157091"
"33",1,NA,1,71,14,1,0.071,0.014,"KEGG:04976","keg",1,"Bile secretion",2,"MM.157091"
"34",1,NA,0.498,87,14,2,0.143,0.023,"KEGG:04911","keg",1,"Insulin secretion",2,"MM.157091,MM.5083"
"35",1,NA,1,56,14,1,0.071,0.018,"KEGG:04923","keg",1,"Regulation of lipolysis in adipocytes",2,"MM.157091"
"36",1,NA,1,133,14,1,0.071,0.008,"KEGG:04068","keg",1,"FoxO signaling pathway",2,"MM.192111"
"37",1,NA,1,44,14,1,0.071,0.023,"KEGG:03420","keg",1,"Nucleotide excision repair",2,"MM.29405"
"38",1,NA,1,28,14,1,0.071,0.036,"KEGG:01040","keg",1,"Biosynthesis of unsaturated fatty acids",2,"MM.480594"
"39",1,NA,1,168,14,1,0.071,0.006,"KEGG:05164","keg",1,"Influenza A",2,"MM.4113"
"40",1,NA,1,52,14,1,0.071,0.019,"KEGG:01212","keg",1,"Fatty acid metabolism",2,"MM.480594"
"41",1,NA,0.139,165,14,3,0.214,0.018,"KEGG:03013","keg",1,"RNA transport",2,"MM.4113,MM.268903,MM.328831"
"42",1,NA,1,137,14,1,0.071,0.007,"KEGG:04120","keg",1,"Ubiquitin mediated proteolysis",2,"MM.29405"
"43",1,NA,1,85,14,1,0.071,0.012,"KEGG:03320","keg",1,"PPAR signaling pathway",2,"MM.480594"
"44",1,NA,1,79,14,1,0.071,0.013,"KEGG:04970","keg",1,"Salivary secretion",2,"MM.157091"
"45",1,NA,1,163,14,1,0.071,0.006,"KEGG:04141","keg",1,"Protein processing in endoplasmic reticulum",2,"MM.29405"
"46",1,NA,1,87,14,1,0.071,0.011,"KEGG:04540","keg",1,"Gap junction",2,"MM.157091"
"47",1,NA,1,146,14,1,0.071,0.007,"KEGG:04310","keg",1,"Wnt signaling pathway",2,"MM.29405"
"48",1,NA,1,64,14,1,0.071,0.016,"KEGG:04213","keg",1,"Longevity regulating pathway - multiple species",2,"MM.157091"
"49",1,NA,1,192,14,1,0.071,0.005,"KEGG:04062","keg",1,"Chemokine signaling pathway",2,"MM.157091"
"50",1,NA,1,114,14,1,0.071,0.009,"KEGG:04725","keg",1,"Cholinergic synapse",2,"MM.157091"
"51",1,NA,1,102,14,1,0.071,0.01,"KEGG:04972","keg",1,"Pancreatic secretion",2,"MM.157091"
"52",1,NA,1,89,14,1,0.071,0.011,"KEGG:04912","keg",1,"GnRH signaling pathway",2,"MM.157091"
"53",1,NA,1,71,14,1,0.071,0.014,"KEGG:04924","keg",1,"Renin secretion",2,"MM.157091"
"54",1,NA,0.51,88,14,2,0.143,0.023,"KEGG:04727","keg",1,"GABAergic synapse",2,"MM.4915,MM.157091"
"55",1,NA,1,277,14,1,0.071,0.004,"KEGG:05166","keg",1,"HTLV-I infection",2,"MM.157091"
"56",1,NA,1,147,14,1,0.071,0.007,"KEGG:04072","keg",1,"Phospholipase D signaling pathway",2,"MM.157091"
"57",1,NA,1,157,14,2,0.143,0.013,"KEGG:04921","keg",1,"Oxytocin signaling pathway",2,"MM.330223,MM.157091"
"58",1,NA,1,98,14,1,0.071,0.01,"KEGG:04713","keg",1,"Circadian entrainment",2,"MM.157091"
"59",1,NA,1,74,14,1,0.071,0.014,"KEGG:04918","keg",1,"Thyroid hormone synthesis",2,"MM.157091"
"60",1,NA,1,84,14,1,0.071,0.012,"KEGG:04350","keg",1,"TGF-beta signaling pathway",2,"MM.29405"
"61",1,NA,1,131,14,1,0.071,0.008,"KEGG:03010","keg",1,"Ribosome",2,"MM.412584"
"62",1,NA,1,126,14,1,0.071,0.008,"KEGG:04611","keg",1,"Platelet activation",2,"MM.157091"
"63",1,NA,1,147,14,2,0.143,0.014,"KEGG:04723","keg",1,"Retrograde endocannabinoid signaling",2,"MM.4915,MM.157091"
"64",1,NA,1,92,14,1,0.071,0.011,"KEGG:04211","keg",1,"Longevity regulating pathway",2,"MM.157091"
"65",1,NA,1,169,14,1,0.071,0.006,"KEGG:04022","keg",1,"cGMP-PKG signaling pathway",2,"MM.157091"
"66",1,NA,1,88,14,1,0.071,0.011,"KEGG:04925","keg",1,"Aldosterone synthesis and secretion",2,"MM.157091"
"67",1,NA,1,258,14,1,0.071,0.004,"KEGG:04010","keg",1,"MAPK signaling pathway",2,"MM.330223"
"68",1,NA,1,87,14,1,0.071,0.011,"KEGG:05410","keg",1,"Hypertrophic cardiomyopathy (HCM)",2,"MM.330223"
"69",1,NA,1,122,14,1,0.071,0.008,"KEGG:04110","keg",1,"Cell cycle",2,"MM.29405"
"70",1,NA,1,138,14,1,0.071,0.007,"KEGG:04371","keg",1,"Apelin signaling pathway",2,"MM.157091"
"71",1,NA,0.578,94,14,2,0.143,0.021,"KEGG:05032","keg",1,"Morphine addiction",2,"MM.4915,MM.157091"
"72",1,NA,1,216,14,1,0.071,0.005,"KEGG:04015","keg",1,"Rap1 signaling pathway",2,"MM.157091"
"73",1,NA,1,61,14,1,0.071,0.016,"KEGG:04721","keg",1,"Synaptic vesicle cycle",2,"MM.5083"
"74",1,NA,1,95,14,1,0.071,0.011,"KEGG:01522","keg",1,"Endocrine resistance",2,"MM.157091"
"75",1,NA,1,114,14,1,0.071,0.009,"KEGG:04724","keg",1,"Glutamatergic synapse",2,"MM.157091"
"76",1,NA,1,205,14,1,0.071,0.005,"KEGG:05168","keg",1,"Herpes simplex infection",2,"MM.142872"
"77",1,NA,1,180,14,1,0.071,0.006,"KEGG:00230","keg",1,"Purine metabolism",2,"MM.157091"
