"","query.number","significant","p.value","term.size","query.size","overlap.size","recall","precision","term.id","domain","subgraph.number","term.name","relative.depth","intersection"
"1",1,NA,1,7796,2,2,1,0,"KEGG:00000","keg",1,"KEGG pathways",1,"MM.330223,MM.412584"
"2",1,NA,0.647,157,2,1,0.5,0.006,"KEGG:04921","keg",1,"Oxytocin signaling pathway",2,"MM.330223"
"3",1,NA,0.377,91,2,1,0.5,0.011,"KEGG:05414","keg",1,"Dilated cardiomyopathy",2,"MM.330223"
"4",1,NA,0.34,82,2,1,0.5,0.012,"KEGG:04260","keg",1,"Cardiac muscle contraction",2,"MM.330223"
"5",1,NA,1,258,2,1,0.5,0.004,"KEGG:04010","keg",1,"MAPK signaling pathway",2,"MM.330223"
"6",1,NA,0.541,131,2,1,0.5,0.008,"KEGG:03010","keg",1,"Ribosome",2,"MM.412584"
"7",1,NA,0.36,87,2,1,0.5,0.011,"KEGG:05410","keg",1,"Hypertrophic cardiomyopathy (HCM)",2,"MM.330223"
"8",1,NA,0.611,148,2,1,0.5,0.007,"KEGG:04261","keg",1,"Adrenergic signaling in cardiomyocytes",2,"MM.330223"
"9",1,NA,0.311,75,2,1,0.5,0.013,"KEGG:05412","keg",1,"Arrhythmogenic right ventricular cardiomyopathy (ARVC)",2,"MM.330223"
