"","query.number","significant","p.value","term.size","query.size","overlap.size","recall","precision","term.id","domain","subgraph.number","term.name","relative.depth","intersection"
"1",1,FALSE,1,7796,8,8,1,0.001,"KEGG:00000","keg",1,"KEGG pathways",1,"MM.5731,MM.28110,MM.2475,MM.154144,MM.594,MM.206417,MM.458542,MM.88795"
"2",1,FALSE,0.578,12,8,1,0.125,0.083,"KEGG:00130","keg",1,"Ubiquinone and other terpenoid-quinone biosynthesis",2,"MM.28110"
"3",1,FALSE,1,167,8,1,0.125,0.006,"KEGG:04145","keg",1,"Phagosome",2,"MM.88795"
"4",1,FALSE,1,161,8,1,0.125,0.006,"KEGG:04514","keg",1,"Cell adhesion molecules (CAMs)",2,"MM.88795"
"5",1,TRUE,0.00246,78,8,3,0.375,0.038,"KEGG:01230","keg",1,"Biosynthesis of amino acids",2,"MM.28110,MM.154144,MM.206417"
"6",1,FALSE,1,276,8,1,0.125,0.004,"KEGG:04144","keg",1,"Endocytosis",2,"MM.88795"
"7",1,FALSE,0.338,7,8,1,0.125,0.143,"KEGG:00400","keg",1,"Phenylalanine, tyrosine and tryptophan biosynthesis",2,"MM.28110"
"8",1,FALSE,1,35,8,1,0.125,0.029,"KEGG:00760","keg",1,"Nicotinate and nicotinamide metabolism",2,"MM.458542"
"9",1,FALSE,1,106,8,1,0.125,0.009,"KEGG:05146","keg",1,"Amoebiasis",2,"MM.154144"
"10",1,FALSE,1,56,8,1,0.125,0.018,"KEGG:05332","keg",1,"Graft-versus-host disease",2,"MM.88795"
"11",1,FALSE,1,95,8,1,0.125,0.011,"KEGG:05204","keg",1,"Chemical carcinogenesis",2,"MM.5731"
"12",1,FALSE,1,58,8,1,0.125,0.017,"KEGG:00310","keg",1,"Lysine degradation",2,"MM.2475"
"13",1,FALSE,1,277,8,1,0.125,0.004,"KEGG:05166","keg",1,"HTLV-I infection",2,"MM.88795"
"14",1,FALSE,1,70,8,1,0.125,0.014,"KEGG:05320","keg",1,"Autoimmune thyroid disease",2,"MM.88795"
"15",1,FALSE,1,78,8,1,0.125,0.013,"KEGG:05416","keg",1,"Viral myocarditis",2,"MM.88795"
"16",1,FALSE,1,61,8,1,0.125,0.016,"KEGG:04940","keg",1,"Type I diabetes mellitus",2,"MM.88795"
"17",1,FALSE,0.228,1314,8,5,0.625,0.004,"KEGG:01100","keg",1,"Metabolic pathways",2,"MM.28110,MM.2475,MM.154144,MM.206417,MM.458542"
"18",1,FALSE,1,79,8,1,0.125,0.013,"KEGG:01524","keg",1,"Platinum drug resistance",2,"MM.5731"
"19",1,FALSE,1,22,8,1,0.125,0.045,"KEGG:00360","keg",1,"Phenylalanine metabolism",2,"MM.28110"
"20",1,FALSE,1,52,8,1,0.125,0.019,"KEGG:00330","keg",1,"Arginine and proline metabolism",2,"MM.154144"
"21",1,FALSE,1,221,8,1,0.125,0.005,"KEGG:05203","keg",1,"Viral carcinogenesis",2,"MM.88795"
"22",1,FALSE,1,62,8,1,0.125,0.016,"KEGG:00480","keg",1,"Glutathione metabolism",2,"MM.5731"
"23",1,FALSE,1,54,8,1,0.125,0.019,"KEGG:05330","keg",1,"Allograft rejection",2,"MM.88795"
"24",1,FALSE,1,102,8,1,0.125,0.01,"KEGG:05231","keg",1,"Choline metabolism in cancer",2,"MM.594"
"25",1,TRUE,0.0459,47,8,2,0.25,0.043,"KEGG:00270","keg",1,"Cysteine and methionine metabolism",2,"MM.28110,MM.206417"
"26",1,FALSE,1,39,8,1,0.125,0.026,"KEGG:00350","keg",1,"Tyrosine metabolism",2,"MM.28110"
"27",1,FALSE,1,41,8,1,0.125,0.024,"KEGG:00260","keg",1,"Glycine, serine and threonine metabolism",2,"MM.206417"
"28",1,FALSE,1,69,8,1,0.125,0.014,"KEGG:00982","keg",1,"Drug metabolism - cytochrome P450",2,"MM.5731"
"29",1,FALSE,1,144,8,1,0.125,0.007,"KEGG:05418","keg",1,"Fluid shear stress and atherosclerosis",2,"MM.5731"
"30",1,FALSE,1,207,8,1,0.125,0.005,"KEGG:05169","keg",1,"Epstein-Barr virus infection",2,"MM.88795"
"31",1,FALSE,1,49,8,1,0.125,0.02,"KEGG:00071","keg",1,"Fatty acid degradation",2,"MM.2475"
"32",1,FALSE,1,81,8,1,0.125,0.012,"KEGG:04612","keg",1,"Antigen processing and presentation",2,"MM.88795"
"33",1,FALSE,0.912,19,8,1,0.125,0.053,"KEGG:00220","keg",1,"Arginine biosynthesis",2,"MM.154144"
"34",1,FALSE,1,71,8,1,0.125,0.014,"KEGG:04976","keg",1,"Bile secretion",2,"MM.594"
"35",1,FALSE,1,45,8,1,0.125,0.022,"KEGG:00380","keg",1,"Tryptophan metabolism",2,"MM.2475"
"36",1,FALSE,1,67,8,1,0.125,0.015,"KEGG:00980","keg",1,"Metabolism of xenobiotics by cytochrome P450",2,"MM.5731"
"37",1,FALSE,1,205,8,1,0.125,0.005,"KEGG:05168","keg",1,"Herpes simplex infection",2,"MM.88795"
