"","query.number","significant","p.value","term.size","query.size","overlap.size","recall","precision","term.id","domain","subgraph.number","term.name","relative.depth","intersection"
"1",1,NA,1,7796,2,2,1,0,"KEGG:00000","keg",1,"KEGG pathways",1,"MM.491104,MM.335187"
"2",1,NA,0.553,134,2,1,0.5,0.007,"KEGG:03040","keg",1,"Spliceosome",2,"MM.491104"
"3",1,NA,0.725,176,2,1,0.5,0.006,"KEGG:04360","keg",1,"Axon guidance",2,"MM.335187"
"4",1,NA,0.566,137,2,1,0.5,0.007,"KEGG:04120","keg",1,"Ubiquitin mediated proteolysis",2,"MM.491104"
