"","query.number","significant","p.value","term.size","query.size","overlap.size","recall","precision","term.id","domain","subgraph.number","term.name","relative.depth","intersection"
"1",1,NA,1,7796,3,3,1,0,"KEGG:00000","keg",1,"KEGG pathways",1,"MM.23963,MM.255971,MM.254493"
"2",1,NA,1,70,3,1,0.333,0.014,"KEGG:00562","keg",1,"Inositol phosphate metabolism",2,"MM.23963"
"3",1,NA,1,101,3,1,0.333,0.01,"KEGG:04933","keg",1,"AGE-RAGE signaling pathway in diabetic complications",2,"MM.23963"
"4",1,NA,0.914,56,3,1,0.333,0.018,"KEGG:05217","keg",1,"Basal cell carcinoma",2,"MM.254493"
"5",1,NA,1,117,3,1,0.333,0.009,"KEGG:04919","keg",1,"Thyroid hormone signaling pathway",2,"MM.23963"
"6",1,NA,1,199,3,1,0.333,0.005,"KEGG:04024","keg",1,"cAMP signaling pathway",2,"MM.254493"
"7",1,NA,1,99,3,1,0.333,0.01,"KEGG:04070","keg",1,"Phosphatidylinositol signaling system",2,"MM.23963"
"8",1,NA,0.72,44,3,1,0.333,0.023,"KEGG:04340","keg",1,"Hedgehog signaling pathway",2,"MM.254493"
"9",1,NA,1,394,3,1,0.333,0.003,"KEGG:05200","keg",1,"Pathways in cancer",2,"MM.254493"
"10",1,NA,1,1314,3,1,0.333,0.001,"KEGG:01100","keg",1,"Metabolic pathways",2,"MM.23963"
"11",1,NA,1,183,3,1,0.333,0.005,"KEGG:04020","keg",1,"Calcium signaling pathway",2,"MM.23963"
"12",1,NA,1,180,3,1,0.333,0.006,"KEGG:00230","keg",1,"Purine metabolism",2,"MM.255971"
